Version,Year,Month,Bus.Unit,Type,Node,Variance,Idle_Cap,Email,Report
V002,2017,M01,BU01,SR,RP_01_75A,0,0,dreinmund@methode.com,/efficiency_resources_details_v2
V002,2017,M01,BU01,SR,RP_01_61A,0,0,dreinmund@methode.com,/efficiency_resources_details_v2
V002,2017,M01,BU01,SR,RP_01_61B,0,0,dreinmund@methode.com,/efficiency_resources_details_v2
V002,2017,M01,BU01,SR,RP_01_61C,0,0,dreinmund@methode.com,/efficiency_resources_details_v2
V002,2017,M01,BU01,SR,RP_01_61D,0,0,dreinmund@methode.com,/efficiency_resources_details_v2
V002,2017,M01,BU01,SR,RP_01_18A,0,0,dreinmund@methode.com,/efficiency_resources_details_v2
V002,2017,M01,BU01,SR,RP_01_70A,0,0,dreinmund@methode.com,/efficiency_resources_details_v2
V002,2017,M01,BU01,SR,RP_01_76A,0,0,dreinmund@methode.com,/efficiency_resources_details_v2
V002,2017,M01,BU01,SR,RP_01_76B,0,0,dreinmund@methode.com,/efficiency_resources_details_v2
V002,2017,M01,BU01,SR,RP_01_76C,0,0,dreinmund@methode.com,/efficiency_resources_details_v2
V002,2017,M01,BU01,SR,RP_01_78A,-2.37,0,dreinmund@methode.com,/efficiency_resources_details_v2
V002,2017,M01,BU01,SR,RP_01_78B,-99.24,0,dreinmund@methode.com,/efficiency_resources_details_v2
V002,2017,M01,BU01,SR,RP_01_78C,-45.46,0,dreinmund@methode.com,/efficiency_resources_details_v2
V002,2017,M01,BU01,SR,RP_01_78D,0,0,dreinmund@methode.com,/efficiency_resources_details_v2
V002,2017,M01,BU01,SR,RP_01_79A,0,0,dreinmund@methode.com,/efficiency_resources_details_v2
V002,2017,M01,BU01,SR,RP_01_79B,0,0,dreinmund@methode.com,/efficiency_resources_details_v2
V002,2017,M01,BU01,SR,RP_01_15A,0,0,dreinmund@methode.com,/efficiency_resources_details_v2
V002,2017,M01,BU01,PR,RP_01_16A,-0.14,0,dreinmund@methode.com,/efficiency_resources_details_v2
V002,2017,M01,BU01,PR,RP_01_16B,0,0,dreinmund@methode.com,/efficiency_resources_details_v2
V002,2017,M01,BU01,PR,RP_01_16C,-2.49,0,dreinmund@methode.com,/efficiency_resources_details_v2
V002,2017,M01,BU01,PR,RP_01_16D,-3.47,17.09,dreinmund@methode.com,/efficiency_resources_details_v2
V002,2017,M01,BU01,PR,RP_01_16E,-3.05,0.62,dreinmund@methode.com,/efficiency_resources_details_v2
V002,2017,M01,BU01,PR,RP_01_16F,-0.26,100,dreinmund@methode.com,/efficiency_resources_details_v2
V002,2017,M01,BU01,PR,RP_01_16G,-1.86,0,dreinmund@methode.com,/efficiency_resources_details_v2
V002,2017,M01,BU01,PR,RP_01_16H,-3.15,0,dreinmund@methode.com,/efficiency_resources_details_v2
V002,2017,M01,BU01,PR,RP_01_16I,-3.84,0,dreinmund@methode.com,/efficiency_resources_details_v2
V002,2017,M01,BU01,PR,RP_01_19A,0,0,dreinmund@methode.com,/efficiency_resources_details_v2
V002,2017,M01,BU01,PR,RP_01_19B,0,0,dreinmund@methode.com,/efficiency_resources_details_v2
V002,2017,M01,BU01,PR,RP_01_19C,0,0,dreinmund@methode.com,/efficiency_resources_details_v2
V002,2017,M01,BU01,PR,RP_01_19D,0,69.54,dreinmund@methode.com,/efficiency_resources_details_v2
V002,2017,M01,BU01,PR,RP_01_19E,0,90,dreinmund@methode.com,/efficiency_resources_details_v2
V002,2017,M01,BU01,PR,RP_01_19F,0,62.06,dreinmund@methode.com,/efficiency_resources_details_v2
V002,2017,M01,BU01,PR,RP_01_19G,0,44.24,dreinmund@methode.com,/efficiency_resources_details_v2
V002,2017,M01,BU01,PR,RP_01_19H,0,41.91,dreinmund@methode.com,/efficiency_resources_details_v2
V002,2017,M01,BU01,SR,RP_01_23A,0,0,dreinmund@methode.com,/efficiency_resources_details_v2
V002,2017,M01,BU01,SR,RP_01_23B,0,0,dreinmund@methode.com,/efficiency_resources_details_v2
V002,2017,M01,BU01,SR,RP_01_25A,-5.63,0,dreinmund@methode.com,/efficiency_resources_details_v2
V002,2017,M01,BU01,SR,RP_01_25B,0,0,dreinmund@methode.com,/efficiency_resources_details_v2
V002,2017,M01,BU01,SR,RP_01_14A,0,0,dreinmund@methode.com,/efficiency_resources_details_v2
V002,2017,M01,BU01,SR,RP_01_14B,0,0,dreinmund@methode.com,/efficiency_resources_details_v2
V002,2017,M01,BU01,SR,RP_01_17A,0,0,dreinmund@methode.com,/efficiency_resources_details_v2
V002,2017,M01,BU01,SR,RP_01_17B,0,0,dreinmund@methode.com,/efficiency_resources_details_v2
V002,2017,M01,BU01,SR,RP_01_24A,0,0,dreinmund@methode.com,/efficiency_resources_details_v2
V002,2017,M01,BU01,PR,RP_01_35A,0,0,dreinmund@methode.com,/efficiency_resources_details_v2
V002,2017,M01,BU01,PR,RP_01_35B,0,35.05,dreinmund@methode.com,/efficiency_resources_details_v2
V002,2017,M01,BU01,PR,RP_01_35C,0,0,dreinmund@methode.com,/efficiency_resources_details_v2
V002,2017,M01,BU01,PR,RP_01_35D,0,60.08,dreinmund@methode.com,/efficiency_resources_details_v2
V002,2017,M01,BU01,PR,RP_01_35E,0,84.77,dreinmund@methode.com,/efficiency_resources_details_v2
V002,2017,M01,BU01,PR,RP_01_35F,0,52.99,dreinmund@methode.com,/efficiency_resources_details_v2
V002,2017,M01,BU01,PR,RP_01_35G,0,35.39,dreinmund@methode.com,/efficiency_resources_details_v2
V002,2017,M01,BU01,PR,RP_01_35H,0,35.24,dreinmund@methode.com,/efficiency_resources_details_v2
V002,2017,M01,BU01,PR,RP_01_35I,0,66.95,dreinmund@methode.com,/efficiency_resources_details_v2
V002,2017,M01,BU01,PR,RP_01_35J,0,100,dreinmund@methode.com,/efficiency_resources_details_v2
V002,2017,M01,BU01,PR,RP_01_35K,0,76.87,dreinmund@methode.com,/efficiency_resources_details_v2
V002,2017,M01,BU01,PR,RP_01_35L,0,92.02,dreinmund@methode.com,/efficiency_resources_details_v2
V002,2017,M01,BU01,PR,RP_01_35N,0,6.71,dreinmund@methode.com,/efficiency_resources_details_v2
V002,2017,M01,BU01,PR,RP_01_31A,0,0,dreinmund@methode.com,/efficiency_resources_details_v2
V002,2017,M01,BU01,PR,RP_01_31B,0,26.94,dreinmund@methode.com,/efficiency_resources_details_v2
V002,2017,M01,BU01,PR,RP_01_31C,0,0,dreinmund@methode.com,/efficiency_resources_details_v2
V002,2017,M01,BU01,PR,RP_01_31D,0,77.99,dreinmund@methode.com,/efficiency_resources_details_v2
V002,2017,M01,BU01,PR,RP_01_31E,0,100,dreinmund@methode.com,/efficiency_resources_details_v2
V002,2017,M01,BU01,PR,RP_01_34A,0,0,dreinmund@methode.com,/efficiency_resources_details_v2
V002,2017,M01,BU01,PR,RP_01_34B,0,45.34,dreinmund@methode.com,/efficiency_resources_details_v2
V002,2017,M01,BU01,PR,RP_01_34C,0,0,dreinmund@methode.com,/efficiency_resources_details_v2
V002,2017,M01,BU01,PR,RP_01_34D,0,17.04,dreinmund@methode.com,/efficiency_resources_details_v2
V002,2017,M01,BU01,PR,RP_01_39A,0,77.22,dreinmund@methode.com,/efficiency_resources_details_v2
V002,2017,M01,BU01,PR,RP_01_39B,0,0,dreinmund@methode.com,/efficiency_resources_details_v2
V002,2017,M01,BU01,PR,RP_01_39C,0,95.94,dreinmund@methode.com,/efficiency_resources_details_v2
V002,2017,M01,BU01,PR,RP_01_39D,0,71.82,dreinmund@methode.com,/efficiency_resources_details_v2
V002,2017,M01,BU01,PR,RP_01_40A,-74.77,100,dreinmund@methode.com,/efficiency_resources_details_v2
V002,2017,M01,BU01,PR,RP_01_40B,0,0,dreinmund@methode.com,/efficiency_resources_details_v2
V002,2017,M01,BU01,PR,RP_01_40C,0,97.38,dreinmund@methode.com,/efficiency_resources_details_v2
V002,2017,M01,BU01,PR,RP_01_38A,0,29.86,dreinmund@methode.com,/efficiency_resources_details_v2
V002,2017,M01,BU01,PR,RP_01_38B,0,46.53,dreinmund@methode.com,/efficiency_resources_details_v2
V002,2017,M01,BU01,PR,RP_01_38C,0,92.85,dreinmund@methode.com,/efficiency_resources_details_v2
V002,2017,M01,BU01,PR,RP_01_45A,0,0,dreinmund@methode.com,/efficiency_resources_details_v2
V002,2017,M01,BU01,PR,RP_01_45B,0,22.85,dreinmund@methode.com,/efficiency_resources_details_v2
V002,2017,M01,BU01,PR,RP_01_45C,0,0,dreinmund@methode.com,/efficiency_resources_details_v2
V002,2017,M01,BU01,PR,RP_01_45D,0,-39.89,dreinmund@methode.com,/efficiency_resources_details_v2
V002,2017,M01,BU01,PR,RP_01_45E,0,49.13,dreinmund@methode.com,/efficiency_resources_details_v2
V002,2017,M01,BU01,PR,RP_01_45F,0,79.69,dreinmund@methode.com,/efficiency_resources_details_v2
V002,2017,M01,BU01,PR,RP_01_45G,0,50.85,dreinmund@methode.com,/efficiency_resources_details_v2
V002,2017,M01,BU01,PR,RP_01_45H,0,74.43,dreinmund@methode.com,/efficiency_resources_details_v2
V002,2017,M01,BU01,PR,RP_01_46A,0,58.75,dreinmund@methode.com,/efficiency_resources_details_v2
V002,2017,M01,BU01,PR,RP_01_46C,0,95.65,dreinmund@methode.com,/efficiency_resources_details_v2
V002,2017,M01,BU01,PR,RP_01_46D,0,90.1,dreinmund@methode.com,/efficiency_resources_details_v2
V002,2017,M01,BU01,PR,RP_01_47A,-107.43,100,dreinmund@methode.com,/efficiency_resources_details_v2
V002,2017,M01,BU01,PR,RP_01_47B,0,97.52,dreinmund@methode.com,/efficiency_resources_details_v2
V002,2017,M01,BU01,PR,RP_01_47C,0,99.64,dreinmund@methode.com,/efficiency_resources_details_v2
V002,2017,M01,BU01,PR,RP_01_19I,0,72.59,dreinmund@methode.com,/efficiency_resources_details_v2
V002,2017,M01,BU01,PR,RP_01_19K,0,81.98,dreinmund@methode.com,/efficiency_resources_details_v2
V002,2017,M01,BU01,PR,RP_01_19L,0,96.93,dreinmund@methode.com,/efficiency_resources_details_v2
V002,2017,M01,BU01,SR,RP_01_14C,0,70.23,dreinmund@methode.com,/efficiency_resources_details_v2
V002,2017,M01,BU01,SR,RP_01_14D,0,0,dreinmund@methode.com,/efficiency_resources_details_v2
V002,2017,M01,BU01,SR,RP_01_14E,0,1.19,dreinmund@methode.com,/efficiency_resources_details_v2
V002,2017,M01,BU01,SR,RP_01_14F,0,0,dreinmund@methode.com,/efficiency_resources_details_v2
V002,2017,M01,BU01,SR,RP_01_14G,0,35.89,dreinmund@methode.com,/efficiency_resources_details_v2
V002,2017,M01,BU01,SR,RP_01_14H,0,15.34,dreinmund@methode.com,/efficiency_resources_details_v2
V002,2017,M01,BU01,SR,RP_01_14I,0,10.73,dreinmund@methode.com,/efficiency_resources_details_v2
V002,2017,M01,BU01,SR,RP_01_17C,0,0,dreinmund@methode.com,/efficiency_resources_details_v2
V002,2017,M01,BU01,SR,RP_01_17D,0,0,dreinmund@methode.com,/efficiency_resources_details_v2
V002,2017,M01,BU01,PR,RP_01_40D,0,100,dreinmund@methode.com,/efficiency_resources_details_v2
V002,2017,M01,BU01,PR,RP_01_38D,0,0,dreinmund@methode.com,/efficiency_resources_details_v2
V002,2017,M01,BU01,PR,RP_01_47D,0,0.86,dreinmund@methode.com,/efficiency_resources_details_v2
V002,2017,M01,BU01,PR,BP_01_35D_1,0,0,dreinmund@methode.com,/efficiency_processes_details_v2
V002,2017,M01,BU01,PR,BP_01_35E_1,0,0,dreinmund@methode.com,/efficiency_processes_details_v2
V002,2017,M01,BU01,SR,BP_01_18A_1,0,0,dreinmund@methode.com,/efficiency_processes_details_v2
V002,2017,M01,BU01,SR,BP_01_18A_2,0,0,dreinmund@methode.com,/efficiency_processes_details_v2
V002,2017,M01,BU01,SR,BP_01_18A_3,0,0,dreinmund@methode.com,/efficiency_processes_details_v2
V002,2017,M01,BU01,SR,BP_01_23B_1,0,0,dreinmund@methode.com,/efficiency_processes_details_v2
V002,2017,M01,BU01,SR,BP_01_23B_2,0,0,dreinmund@methode.com,/efficiency_processes_details_v2
V002,2017,M01,BU01,SR,BP_01_61B_1,0,0,dreinmund@methode.com,/efficiency_processes_details_v2
V002,2017,M01,BU01,SR,BP_01_61B_2,0,0,dreinmund@methode.com,/efficiency_processes_details_v2
V002,2017,M01,BU01,SR,BP_01_61C_1,0,0,dreinmund@methode.com,/efficiency_processes_details_v2
V002,2017,M01,BU01,SR,BP_01_61C_2,0,0,dreinmund@methode.com,/efficiency_processes_details_v2
V002,2017,M01,BU01,SR,BP_01_61D_1,0,0,dreinmund@methode.com,/efficiency_processes_details_v2
V002,2017,M01,BU01,SR,BP_01_61D_2,0,0,dreinmund@methode.com,/efficiency_processes_details_v2
V002,2017,M01,BU01,SR,BP_01_70A_1,0,0,dreinmund@methode.com,/efficiency_processes_details_v2
V002,2017,M01,BU01,SR,BP_01_70A_2,0,0,dreinmund@methode.com,/efficiency_processes_details_v2
V002,2017,M01,BU01,SR,BP_01_76B_1,0,0,dreinmund@methode.com,/efficiency_processes_details_v2
V002,2017,M01,BU01,SR,BP_01_78A_1,0,0,dreinmund@methode.com,/efficiency_processes_details_v2
V002,2017,M01,BU01,SR,BP_01_78A_2,0,0,dreinmund@methode.com,/efficiency_processes_details_v2
V002,2017,M01,BU01,SR,BP_01_78A_3,0,0,dreinmund@methode.com,/efficiency_processes_details_v2
V002,2017,M01,BU01,SR,BP_01_78B_1,0,0,dreinmund@methode.com,/efficiency_processes_details_v2
V002,2017,M01,BU01,SR,BP_01_78B_2,0,0,dreinmund@methode.com,/efficiency_processes_details_v2
V002,2017,M01,BU01,SR,BP_01_78B_3,0,0,dreinmund@methode.com,/efficiency_processes_details_v2
V002,2017,M01,BU01,SR,BP_01_78D_1,0,0,dreinmund@methode.com,/efficiency_processes_details_v2
V002,2017,M01,BU01,SR,BP_01_78D_2,0,0,dreinmund@methode.com,/efficiency_processes_details_v2
V002,2017,M01,BU01,SR,BP_01_79B_1,0,0,dreinmund@methode.com,/efficiency_processes_details_v2
V002,2017,M01,BU01,SR,BP_01_15A_1,0,0,dreinmund@methode.com,/efficiency_processes_details_v2
V002,2017,M01,BU01,PR,BP_01_16C_1,0,0,dreinmund@methode.com,/efficiency_processes_details_v2
V002,2017,M01,BU01,PR,BP_01_16I_1,0,0,dreinmund@methode.com,/efficiency_processes_details_v2
V002,2017,M01,BU01,SR,BP_01_17A_1,0,0,dreinmund@methode.com,/efficiency_processes_details_v2
V002,2017,M01,BU01,SR,BP_01_17A_2,0,0,dreinmund@methode.com,/efficiency_processes_details_v2
V002,2017,M01,BU01,SR,BP_01_17B_1,0,0,dreinmund@methode.com,/efficiency_processes_details_v2
V002,2017,M01,BU01,SR,BP_01_17C_1,0,0,dreinmund@methode.com,/efficiency_processes_details_v2
V002,2017,M01,BU01,SR,BP_01_17C_2,0,0,dreinmund@methode.com,/efficiency_processes_details_v2
V002,2017,M01,BU01,SR,BP_01_17C_3,0,0,dreinmund@methode.com,/efficiency_processes_details_v2
V002,2017,M01,BU01,SR,BP_01_17C_4,0,0,dreinmund@methode.com,/efficiency_processes_details_v2
V002,2017,M01,BU01,SR,BP_01_17D_1,0,0,dreinmund@methode.com,/efficiency_processes_details_v2
V002,2017,M01,BU01,PR,BP_01_19B_1,0,0,dreinmund@methode.com,/efficiency_processes_details_v2
V002,2017,M01,BU01,PR,BP_01_19B_2,0,0,dreinmund@methode.com,/efficiency_processes_details_v2
V002,2017,M01,BU01,PR,BP_01_19B_3,0,0,dreinmund@methode.com,/efficiency_processes_details_v2
V002,2017,M01,BU01,PR,BP_01_19C_1,0,0,dreinmund@methode.com,/efficiency_processes_details_v2
V002,2017,M01,BU01,PR,BP_01_19C_2,0,0,dreinmund@methode.com,/efficiency_processes_details_v2
V002,2017,M01,BU01,PR,BP_01_19C_3,0,0,dreinmund@methode.com,/efficiency_processes_details_v2
V002,2017,M01,BU01,PR,BP_01_31C_1,0,0,dreinmund@methode.com,/efficiency_processes_details_v2
V002,2017,M01,BU01,PR,BP_01_31C_2,0,0,dreinmund@methode.com,/efficiency_processes_details_v2
V002,2017,M01,BU01,PR,BP_01_31D_1,0,0,dreinmund@methode.com,/efficiency_processes_details_v2
V002,2017,M01,BU01,PR,BP_01_31D_2,100,0,dreinmund@methode.com,/efficiency_processes_details_v2
V002,2017,M01,BU01,PR,BP_01_34C_1,0,0,dreinmund@methode.com,/efficiency_processes_details_v2
V002,2017,M01,BU01,PR,BP_01_34C_2,0,0,dreinmund@methode.com,/efficiency_processes_details_v2
V002,2017,M01,BU01,PR,BP_01_34D_1,0,0,dreinmund@methode.com,/efficiency_processes_details_v2
V002,2017,M01,BU01,PR,BP_01_34D_2,100,0,dreinmund@methode.com,/efficiency_processes_details_v2
V002,2017,M01,BU01,PR,BP_01_35D_2,100,0,dreinmund@methode.com,/efficiency_processes_details_v2
V002,2017,M01,BU01,PR,BP_01_35E_2,100,0,dreinmund@methode.com,/efficiency_processes_details_v2
V002,2017,M01,BU01,PR,BP_01_35F_1,0,0,dreinmund@methode.com,/efficiency_processes_details_v2
V002,2017,M01,BU01,PR,BP_01_35F_2,100,0,dreinmund@methode.com,/efficiency_processes_details_v2
V002,2017,M01,BU01,PR,BP_01_35G_1,0,0,dreinmund@methode.com,/efficiency_processes_details_v2
V002,2017,M01,BU01,PR,BP_01_35G_2,100,0,dreinmund@methode.com,/efficiency_processes_details_v2
V002,2017,M01,BU01,PR,BP_01_35H_1,0,0,dreinmund@methode.com,/efficiency_processes_details_v2
V002,2017,M01,BU01,PR,BP_01_35H_2,100,0,dreinmund@methode.com,/efficiency_processes_details_v2
V002,2017,M01,BU01,PR,BP_01_35I_1,0,0,dreinmund@methode.com,/efficiency_processes_details_v2
V002,2017,M01,BU01,PR,BP_01_35I_2,100,0,dreinmund@methode.com,/efficiency_processes_details_v2
V002,2017,M01,BU01,PR,BP_01_35K_1,0,0,dreinmund@methode.com,/efficiency_processes_details_v2
V002,2017,M01,BU01,PR,BP_01_35K_2,100,0,dreinmund@methode.com,/efficiency_processes_details_v2
V002,2017,M01,BU01,PR,BP_01_35L_1,0,0,dreinmund@methode.com,/efficiency_processes_details_v2
V002,2017,M01,BU01,PR,BP_01_35L_2,100,0,dreinmund@methode.com,/efficiency_processes_details_v2
V002,2017,M01,BU01,PR,BP_01_38B_1,0,0,dreinmund@methode.com,/efficiency_processes_details_v2
V002,2017,M01,BU01,PR,BP_01_38B_2,100,0,dreinmund@methode.com,/efficiency_processes_details_v2
V002,2017,M01,BU01,PR,BP_01_38C_1,0,0,dreinmund@methode.com,/efficiency_processes_details_v2
V002,2017,M01,BU01,PR,BP_01_38C_2,100,0,dreinmund@methode.com,/efficiency_processes_details_v2
V002,2017,M01,BU01,PR,BP_01_38D_1,0,0,dreinmund@methode.com,/efficiency_processes_details_v2
V002,2017,M01,BU01,PR,BP_01_38D_2,0,0,dreinmund@methode.com,/efficiency_processes_details_v2
V002,2017,M01,BU01,PR,BP_01_39B_1,0,0,dreinmund@methode.com,/efficiency_processes_details_v2
V002,2017,M01,BU01,PR,BP_01_39B_2,0,0,dreinmund@methode.com,/efficiency_processes_details_v2
V002,2017,M01,BU01,PR,BP_01_39C_1,0,0,dreinmund@methode.com,/efficiency_processes_details_v2
V002,2017,M01,BU01,PR,BP_01_39C_2,100,0,dreinmund@methode.com,/efficiency_processes_details_v2
V002,2017,M01,BU01,PR,BP_01_39D_2,100,0,dreinmund@methode.com,/efficiency_processes_details_v2
V002,2017,M01,BU01,PR,BP_01_40B_1,0,0,dreinmund@methode.com,/efficiency_processes_details_v2
V002,2017,M01,BU01,PR,BP_01_40B_2,0,0,dreinmund@methode.com,/efficiency_processes_details_v2
V002,2017,M01,BU01,PR,BP_01_45C_1,0,0,dreinmund@methode.com,/efficiency_processes_details_v2
V002,2017,M01,BU01,PR,BP_01_45C_2,0,0,dreinmund@methode.com,/efficiency_processes_details_v2
V002,2017,M01,BU01,PR,BP_01_45D_1,0,0,dreinmund@methode.com,/efficiency_processes_details_v2
V002,2017,M01,BU01,PR,BP_01_45D_2,100,0,dreinmund@methode.com,/efficiency_processes_details_v2
V002,2017,M01,BU01,PR,BP_01_45E_1,0,0,dreinmund@methode.com,/efficiency_processes_details_v2
V002,2017,M01,BU01,PR,BP_01_45E_2,100,0,dreinmund@methode.com,/efficiency_processes_details_v2
V002,2017,M01,BU01,PR,BP_01_45F_1,0,0,dreinmund@methode.com,/efficiency_processes_details_v2
V002,2017,M01,BU01,PR,BP_01_45F_2,100,0,dreinmund@methode.com,/efficiency_processes_details_v2
V002,2017,M01,BU01,PR,BP_01_45G_1,0,0,dreinmund@methode.com,/efficiency_processes_details_v2
V002,2017,M01,BU01,PR,BP_01_45G_2,100,0,dreinmund@methode.com,/efficiency_processes_details_v2
V002,2017,M01,BU01,PR,BP_01_45H_2,100,0,dreinmund@methode.com,/efficiency_processes_details_v2
V002,2017,M01,BU01,PR,BP_01_47D_1,0,0,dreinmund@methode.com,/efficiency_processes_details_v2
V002,2017,M01,BU01,PR,BP_01_47D_2,0,0,dreinmund@methode.com,/efficiency_processes_details_v2
V002,2017,M01,BU01,SF,SF_307485,0.31,0,dreinmund@methode.com,/efficiency_products_details_v2
V002,2017,M01,BU01,SF,SF_314612,0.26,0,dreinmund@methode.com,/efficiency_products_details_v2
V002,2017,M01,BU01,SF,SF_314613,0.15,0,dreinmund@methode.com,/efficiency_products_details_v2
V002,2017,M01,BU01,SF,SF_314614,0.15,0,dreinmund@methode.com,/efficiency_products_details_v2
V002,2017,M01,BU01,SF,SF_314615,0.26,0,dreinmund@methode.com,/efficiency_products_details_v2
V002,2017,M01,BU01,SF,SF_314616,0.28,0,dreinmund@methode.com,/efficiency_products_details_v2
V002,2017,M01,BU01,SF,SF_314617,0.27,0,dreinmund@methode.com,/efficiency_products_details_v2
V002,2017,M01,BU01,SF,SF_314618,0.26,0,dreinmund@methode.com,/efficiency_products_details_v2
V002,2017,M01,BU01,SF,SF_314619,0.28,0,dreinmund@methode.com,/efficiency_products_details_v2
V002,2017,M01,BU01,SF,SF_314620,0.27,0,dreinmund@methode.com,/efficiency_products_details_v2
V002,2017,M01,BU01,SF,SF_314621,0.26,0,dreinmund@methode.com,/efficiency_products_details_v2
V002,2017,M01,BU01,SF,SF_314622,0.22,0,dreinmund@methode.com,/efficiency_products_details_v2
V002,2017,M01,BU01,SF,SF_314623,0.42,0,dreinmund@methode.com,/efficiency_products_details_v2
V002,2017,M01,BU01,SF,SF_314624,0.25,0,dreinmund@methode.com,/efficiency_products_details_v2
V002,2017,M01,BU01,SF,SF_314626,0.22,0,dreinmund@methode.com,/efficiency_products_details_v2
V002,2017,M01,BU01,SF,SF_314628,0.36,0,dreinmund@methode.com,/efficiency_products_details_v2
V002,2017,M01,BU01,SF,SF_314629,0.01,0,dreinmund@methode.com,/efficiency_products_details_v2
V002,2017,M01,BU01,SF,SF_314630,0.05,0,dreinmund@methode.com,/efficiency_products_details_v2
V002,2017,M01,BU01,SF,SF_314631,0.15,0,dreinmund@methode.com,/efficiency_products_details_v2
V002,2017,M01,BU01,SF,SF_314632,0.12,0,dreinmund@methode.com,/efficiency_products_details_v2
V002,2017,M01,BU01,SF,SF_314633,0.11,0,dreinmund@methode.com,/efficiency_products_details_v2
V002,2017,M01,BU01,SF,SF_314634,0.25,0,dreinmund@methode.com,/efficiency_products_details_v2
V002,2017,M01,BU01,SF,SF_314635,0.52,0,dreinmund@methode.com,/efficiency_products_details_v2
V002,2017,M01,BU01,SF,SF_314636,0.25,0,dreinmund@methode.com,/efficiency_products_details_v2
V002,2017,M01,BU01,SF,SF_314637,0.3,0,dreinmund@methode.com,/efficiency_products_details_v2
V002,2017,M01,BU01,SF,SF_314638,0.22,0,dreinmund@methode.com,/efficiency_products_details_v2
V002,2017,M01,BU01,SF,SF_314639,0.3,0,dreinmund@methode.com,/efficiency_products_details_v2
V002,2017,M01,BU01,SF,SF_314640,0.17,0,dreinmund@methode.com,/efficiency_products_details_v2
V002,2017,M01,BU01,SF,SF_314641,0.18,0,dreinmund@methode.com,/efficiency_products_details_v2
V002,2017,M01,BU01,SF,SF_314642,0.25,0,dreinmund@methode.com,/efficiency_products_details_v2
V002,2017,M01,BU01,SF,SF_314643,0.9,0,dreinmund@methode.com,/efficiency_products_details_v2
V002,2017,M01,BU01,SF,SF_314644,0.26,0,dreinmund@methode.com,/efficiency_products_details_v2
V002,2017,M01,BU01,SF,SF_314645,0.3,0,dreinmund@methode.com,/efficiency_products_details_v2
V002,2017,M01,BU01,SF,SF_314646,0.22,0,dreinmund@methode.com,/efficiency_products_details_v2
V002,2017,M01,BU01,SF,SF_314647,0.22,0,dreinmund@methode.com,/efficiency_products_details_v2
V002,2017,M01,BU01,SF,SF_314648,0.85,0,dreinmund@methode.com,/efficiency_products_details_v2
V002,2017,M01,BU01,SF,SF_314649,0.15,0,dreinmund@methode.com,/efficiency_products_details_v2
V002,2017,M01,BU01,SF,SF_314650,0.25,0,dreinmund@methode.com,/efficiency_products_details_v2
V002,2017,M01,BU01,SF,SF_314651,0.57,0,dreinmund@methode.com,/efficiency_products_details_v2
V002,2017,M01,BU01,SF,SF_314652,0.25,0,dreinmund@methode.com,/efficiency_products_details_v2
V002,2017,M01,BU01,SF,SF_314653,0.27,0,dreinmund@methode.com,/efficiency_products_details_v2
V002,2017,M01,BU01,SF,SF_314654,0.48,0,dreinmund@methode.com,/efficiency_products_details_v2
V002,2017,M01,BU01,SF,SF_314655,0.26,0,dreinmund@methode.com,/efficiency_products_details_v2
V002,2017,M01,BU01,SF,SF_314656,0.12,0,dreinmund@methode.com,/efficiency_products_details_v2
V002,2017,M01,BU01,SF,SF_314682,0,0,dreinmund@methode.com,/efficiency_products_details_v2
V002,2017,M01,BU01,SF,SF_314683,0,0,dreinmund@methode.com,/efficiency_products_details_v2
V002,2017,M01,BU01,SF,SF_314684,0,0,dreinmund@methode.com,/efficiency_products_details_v2
V002,2017,M01,BU01,SF,SF_315651,0.03,0,dreinmund@methode.com,/efficiency_products_details_v2
V002,2017,M01,BU01,SF,SF_315653,0.07,0,dreinmund@methode.com,/efficiency_products_details_v2
V002,2017,M01,BU01,SF,SF_315655,0.05,0,dreinmund@methode.com,/efficiency_products_details_v2
V002,2017,M01,BU01,SF,SF_315656,0.11,0,dreinmund@methode.com,/efficiency_products_details_v2
V002,2017,M01,BU01,SF,SF_315657,0.12,0,dreinmund@methode.com,/efficiency_products_details_v2
V002,2017,M01,BU01,SF,SF_315660,0.04,0,dreinmund@methode.com,/efficiency_products_details_v2
V002,2017,M01,BU01,SF,SF_315661,0.06,0,dreinmund@methode.com,/efficiency_products_details_v2
V002,2017,M01,BU01,SF,SF_315662,0.08,0,dreinmund@methode.com,/efficiency_products_details_v2
V002,2017,M01,BU01,SF,SF_315663,0.14,0,dreinmund@methode.com,/efficiency_products_details_v2
V002,2017,M01,BU01,SF,SF_315664,0.2,0,dreinmund@methode.com,/efficiency_products_details_v2
V002,2017,M01,BU01,SF,SF_315665,0.14,0,dreinmund@methode.com,/efficiency_products_details_v2
V002,2017,M01,BU01,SF,SF_315670,0,0,dreinmund@methode.com,/efficiency_products_details_v2
V002,2017,M01,BU01,SF,SF_315674,0.76,0,dreinmund@methode.com,/efficiency_products_details_v2
V002,2017,M01,BU01,SF,SF_315680,0.09,0,dreinmund@methode.com,/efficiency_products_details_v2
V002,2017,M01,BU01,SF,SF_315738,0.3,0,dreinmund@methode.com,/efficiency_products_details_v2
V002,2017,M01,BU01,SF,SF_350039,0.15,0,dreinmund@methode.com,/efficiency_products_details_v2
V002,2017,M01,BU01,SF,SF_350040,0.23,0,dreinmund@methode.com,/efficiency_products_details_v2
V002,2017,M01,BU01,SF,SF_350043,0.16,0,dreinmund@methode.com,/efficiency_products_details_v2
V002,2017,M01,BU01,SF,SF_350046,0.17,0,dreinmund@methode.com,/efficiency_products_details_v2
V002,2017,M01,BU01,SF,SF_350049,0.13,0,dreinmund@methode.com,/efficiency_products_details_v2
V002,2017,M01,BU01,SF,SF_350052,0.16,0,dreinmund@methode.com,/efficiency_products_details_v2
V002,2017,M01,BU01,SF,SF_350055,0.12,0,dreinmund@methode.com,/efficiency_products_details_v2
V002,2017,M01,BU01,SF,SF_350058,0.11,0,dreinmund@methode.com,/efficiency_products_details_v2
V002,2017,M01,BU01,SF,SF_350074,0.12,0,dreinmund@methode.com,/efficiency_products_details_v2
V002,2017,M01,BU01,SF,SF_350075,0.16,0,dreinmund@methode.com,/efficiency_products_details_v2
V002,2017,M01,BU01,SF,SF_350079,0.18,0,dreinmund@methode.com,/efficiency_products_details_v2
V002,2017,M01,BU01,SF,SF_350082,0.19,0,dreinmund@methode.com,/efficiency_products_details_v2
V002,2017,M01,BU01,SF,SF_350085,0.17,0,dreinmund@methode.com,/efficiency_products_details_v2
V002,2017,M01,BU01,SF,SF_350088,0.19,0,dreinmund@methode.com,/efficiency_products_details_v2
V002,2017,M01,BU01,SF,SF_350091,0.19,0,dreinmund@methode.com,/efficiency_products_details_v2
V002,2017,M01,BU01,SF,SF_350092,0.21,0,dreinmund@methode.com,/efficiency_products_details_v2
V002,2017,M01,BU01,SF,SF_350096,0.19,0,dreinmund@methode.com,/efficiency_products_details_v2
V002,2017,M01,BU01,SF,SF_350097,0.03,0,dreinmund@methode.com,/efficiency_products_details_v2
V002,2017,M01,BU01,SF,SF_350098,0.07,0,dreinmund@methode.com,/efficiency_products_details_v2
V002,2017,M01,BU01,SF,SF_350099,0.09,0,dreinmund@methode.com,/efficiency_products_details_v2
V002,2017,M01,BU01,SF,SF_350100,0.15,0,dreinmund@methode.com,/efficiency_products_details_v2
V002,2017,M01,BU01,SF,SF_350119,0.23,0,dreinmund@methode.com,/efficiency_products_details_v2
V002,2017,M01,BU01,SF,SF_350120,0.3,0,dreinmund@methode.com,/efficiency_products_details_v2
V002,2017,M01,BU01,SF,SF_350124,0.17,0,dreinmund@methode.com,/efficiency_products_details_v2
V002,2017,M01,BU01,SF,SF_350132,0.16,0,dreinmund@methode.com,/efficiency_products_details_v2
V002,2017,M01,BU01,SF,SF_350140,0.19,0,dreinmund@methode.com,/efficiency_products_details_v2
V002,2017,M01,BU01,SF,SF_350144,0.17,0,dreinmund@methode.com,/efficiency_products_details_v2
V002,2017,M01,BU01,SF,SF_350147,0.18,0,dreinmund@methode.com,/efficiency_products_details_v2
V002,2017,M01,BU01,SF,SF_350156,0.17,0,dreinmund@methode.com,/efficiency_products_details_v2
V002,2017,M01,BU01,SF,SF_350160,0.14,0,dreinmund@methode.com,/efficiency_products_details_v2
V002,2017,M01,BU01,SF,SF_350164,0.16,0,dreinmund@methode.com,/efficiency_products_details_v2
V002,2017,M01,BU01,SF,SF_350168,0.17,0,dreinmund@methode.com,/efficiency_products_details_v2
V002,2017,M01,BU01,SF,SF_350172,0.16,0,dreinmund@methode.com,/efficiency_products_details_v2
V002,2017,M01,BU01,SF,SF_350207,0.16,0,dreinmund@methode.com,/efficiency_products_details_v2
V002,2017,M01,BU01,SF,SF_350211,0.16,0,dreinmund@methode.com,/efficiency_products_details_v2
V002,2017,M01,BU01,SF,SF_350216,0.35,0,dreinmund@methode.com,/efficiency_products_details_v2
V002,2017,M01,BU01,SF,SF_350218,0.07,0,dreinmund@methode.com,/efficiency_products_details_v2
V002,2017,M01,BU01,SF,SF_350223,0.14,0,dreinmund@methode.com,/efficiency_products_details_v2
V002,2017,M01,BU01,SF,SF_350230,0.17,0,dreinmund@methode.com,/efficiency_products_details_v2
V002,2017,M01,BU01,SF,SF_350232,0.18,0,dreinmund@methode.com,/efficiency_products_details_v2
V002,2017,M01,BU01,SF,SF_350233,0.01,0,dreinmund@methode.com,/efficiency_products_details_v2
V002,2017,M01,BU01,SF,SF_350238,0.17,0,dreinmund@methode.com,/efficiency_products_details_v2
V002,2017,M01,BU01,SF,SF_350242,0.17,0,dreinmund@methode.com,/efficiency_products_details_v2
V002,2017,M01,BU01,SF,SF_350243,0.34,0,dreinmund@methode.com,/efficiency_products_details_v2
V002,2017,M01,BU01,SF,SF_350244,0.26,0,dreinmund@methode.com,/efficiency_products_details_v2
V002,2017,M01,BU01,SF,SF_350246,0.29,0,dreinmund@methode.com,/efficiency_products_details_v2
V002,2017,M01,BU01,SF,SF_350247,0.1,0,dreinmund@methode.com,/efficiency_products_details_v2
V002,2017,M01,BU01,SF,SF_350266,0.22,0,dreinmund@methode.com,/efficiency_products_details_v2
V002,2017,M01,BU01,SF,SF_350268,0.01,0,dreinmund@methode.com,/efficiency_products_details_v2
V002,2017,M01,BU01,SF,SF_350271,0.06,0,dreinmund@methode.com,/efficiency_products_details_v2
V002,2017,M01,BU01,SF,SF_350276,0.18,0,dreinmund@methode.com,/efficiency_products_details_v2
V002,2017,M01,BU01,SF,SF_350277,0.18,0,dreinmund@methode.com,/efficiency_products_details_v2
V002,2017,M01,BU01,SF,SF_350279,0.19,0,dreinmund@methode.com,/efficiency_products_details_v2
V002,2017,M01,BU01,SF,SF_350280,0.18,0,dreinmund@methode.com,/efficiency_products_details_v2
V002,2017,M01,BU01,SF,SF_350281,0.17,0,dreinmund@methode.com,/efficiency_products_details_v2
V002,2017,M01,BU01,SF,SF_350287,0.13,0,dreinmund@methode.com,/efficiency_products_details_v2
V002,2017,M01,BU01,SF,SF_350297,0.15,0,dreinmund@methode.com,/efficiency_products_details_v2
V002,2017,M01,BU01,SF,SF_350298,0.04,0,dreinmund@methode.com,/efficiency_products_details_v2
V002,2017,M01,BU01,SF,SF_350307,0.26,0,dreinmund@methode.com,/efficiency_products_details_v2
V002,2017,M01,BU01,SF,SF_350308,0.03,0,dreinmund@methode.com,/efficiency_products_details_v2
V002,2017,M01,BU01,SF,SF_350314,0.17,0,dreinmund@methode.com,/efficiency_products_details_v2
V002,2017,M01,BU01,SF,SF_350326,1.4,0,dreinmund@methode.com,/efficiency_products_details_v2
V002,2017,M01,BU01,SF,SF_350338,0.07,0,dreinmund@methode.com,/efficiency_products_details_v2
V002,2017,M01,BU01,SF,SF_350350,0.11,0,dreinmund@methode.com,/efficiency_products_details_v2
V002,2017,M01,BU01,SF,SF_350351,0.27,0,dreinmund@methode.com,/efficiency_products_details_v2
V002,2017,M01,BU01,SF,SF_350359,0.38,0,dreinmund@methode.com,/efficiency_products_details_v2
V002,2017,M01,BU01,SF,SF_350360,0.08,0,dreinmund@methode.com,/efficiency_products_details_v2
V002,2017,M01,BU01,SF,SF_350364,0.05,0,dreinmund@methode.com,/efficiency_products_details_v2
V002,2017,M01,BU01,SF,SF_350365,0.18,0,dreinmund@methode.com,/efficiency_products_details_v2
V002,2017,M01,BU01,SF,SF_350366,0.2,0,dreinmund@methode.com,/efficiency_products_details_v2
V002,2017,M01,BU01,SF,SF_350367,0.16,0,dreinmund@methode.com,/efficiency_products_details_v2
V002,2017,M01,BU01,SF,SF_350368,0.03,0,dreinmund@methode.com,/efficiency_products_details_v2
V002,2017,M01,BU01,SF,SF_350369,0.09,0,dreinmund@methode.com,/efficiency_products_details_v2
V002,2017,M01,BU01,SF,SF_350390,0.13,0,dreinmund@methode.com,/efficiency_products_details_v2
V002,2017,M01,BU01,SF,SF_350391,0.35,0,dreinmund@methode.com,/efficiency_products_details_v2
V002,2017,M01,BU01,SF,SF_350393,0.38,0,dreinmund@methode.com,/efficiency_products_details_v2
V002,2017,M01,BU01,SF,SF_350394,0.3,0,dreinmund@methode.com,/efficiency_products_details_v2
V002,2017,M01,BU01,SF,SF_350395,0.02,0,dreinmund@methode.com,/efficiency_products_details_v2
V002,2017,M01,BU01,SF,SF_350400,0.09,0,dreinmund@methode.com,/efficiency_products_details_v2
V002,2017,M01,BU01,SF,SF_350004,0.06,0,dreinmund@methode.com,/efficiency_products_details_v2
V002,2017,M01,BU01,SF,SF_350005,0.07,0,dreinmund@methode.com,/efficiency_products_details_v2
V002,2017,M01,BU01,SF,SF_350006,0.79,0,dreinmund@methode.com,/efficiency_products_details_v2
V002,2017,M01,BU01,SF,SF_350014,0.08,0,dreinmund@methode.com,/efficiency_products_details_v2
V002,2017,M01,BU01,SF,SF_350015,0.09,0,dreinmund@methode.com,/efficiency_products_details_v2
V002,2017,M01,BU01,SF,SF_350016,1.36,0,dreinmund@methode.com,/efficiency_products_details_v2
V002,2017,M01,BU01,SF,SF_350021,0.1,0,dreinmund@methode.com,/efficiency_products_details_v2
V002,2017,M01,BU01,SF,SF_350025,0.24,0,dreinmund@methode.com,/efficiency_products_details_v2
V002,2017,M01,BU01,SF,SF_350027,0.08,0,dreinmund@methode.com,/efficiency_products_details_v2
V002,2017,M01,BU01,SF,SF_350250,0.31,0,dreinmund@methode.com,/efficiency_products_details_v2
V002,2017,M01,BU01,SF,SF_350316,0.16,0,dreinmund@methode.com,/efficiency_products_details_v2
V002,2017,M01,BU01,SF,SF_350332,0.07,0,dreinmund@methode.com,/efficiency_products_details_v2
V002,2017,M01,BU01,SF,SF_350333,0.07,0,dreinmund@methode.com,/efficiency_products_details_v2
V002,2017,M01,BU01,SF,SF_350334,0.98,0,dreinmund@methode.com,/efficiency_products_details_v2
V002,2017,M01,BU01,SF,SF_350336,0.1,0,dreinmund@methode.com,/efficiency_products_details_v2
V002,2017,M01,BU01,SF,SF_350339,0.6,0,dreinmund@methode.com,/efficiency_products_details_v2
V002,2017,M01,BU01,SF,SF_350341,0.18,0,dreinmund@methode.com,/efficiency_products_details_v2
V002,2017,M01,BU01,SF,SF_350345,0.09,0,dreinmund@methode.com,/efficiency_products_details_v2
V002,2017,M01,BU01,SF,SF_350347,0.01,0,dreinmund@methode.com,/efficiency_products_details_v2
V002,2017,M01,BU01,SF,SF_350363,0.61,0,dreinmund@methode.com,/efficiency_products_details_v2
V002,2017,M01,BU01,SF,SF_350377,1.14,0,dreinmund@methode.com,/efficiency_products_details_v2
V002,2017,M01,BU01,SF,SF_350414,0.07,0,dreinmund@methode.com,/efficiency_products_details_v2
V002,2017,M01,BU01,FP,FP_750015,0.02,0,dreinmund@methode.com,/efficiency_products_details_v2
V002,2017,M01,BU01,FP,FP_750019,0.03,0,dreinmund@methode.com,/efficiency_products_details_v2
V002,2017,M01,BU01,FP,FP_750022,0.02,0,dreinmund@methode.com,/efficiency_products_details_v2
V002,2017,M01,BU01,FP,FP_750063,0.35,0,dreinmund@methode.com,/efficiency_products_details_v2
V002,2017,M01,BU01,FP,FP_750066,0.29,0,dreinmund@methode.com,/efficiency_products_details_v2
V002,2017,M01,BU01,FP,FP_750087,0.01,0,dreinmund@methode.com,/efficiency_products_details_v2
V002,2017,M01,BU01,FP,FP_750096,0,0,dreinmund@methode.com,/efficiency_products_details_v2
V002,2017,M01,BU01,FP,FP_750106,0.01,0,dreinmund@methode.com,/efficiency_products_details_v2
V002,2017,M01,BU01,FP,FP_750122,0.02,0,dreinmund@methode.com,/efficiency_products_details_v2
V002,2017,M01,BU01,FP,FP_750126,0,0,dreinmund@methode.com,/efficiency_products_details_v2
V002,2017,M01,BU01,FP,FP_750128,0.08,0,dreinmund@methode.com,/efficiency_products_details_v2
V002,2017,M01,BU01,FP,FP_750131,0,0,dreinmund@methode.com,/efficiency_products_details_v2
V002,2017,M01,BU01,FP,FP_750132,1.05,0,dreinmund@methode.com,/efficiency_products_details_v2
V002,2017,M01,BU01,FP,FP_716428,0.06,0,dreinmund@methode.com,/efficiency_products_details_v2
V002,2017,M01,BU01,FP,FP_719456,0.06,0,dreinmund@methode.com,/efficiency_products_details_v2
V002,2017,M01,BU01,FP,FP_720543,0.03,0,dreinmund@methode.com,/efficiency_products_details_v2
V002,2017,M01,BU01,FP,FP_720863,0.08,0,dreinmund@methode.com,/efficiency_products_details_v2
V002,2017,M01,BU01,FP,FP_731680,0,0,dreinmund@methode.com,/efficiency_products_details_v2
V002,2017,M01,BU01,FP,FP_732880,0,0,dreinmund@methode.com,/efficiency_products_details_v2
V002,2017,M01,BU01,FP,FP_750002XFA,0.09,0,dreinmund@methode.com,/efficiency_products_details_v2
V002,2017,M01,BU01,FP,FP_750005XGA,0.08,0,dreinmund@methode.com,/efficiency_products_details_v2
V002,2017,M01,BU01,FP,FP_750008XBA,0.6,0,dreinmund@methode.com,/efficiency_products_details_v2
V002,2017,M01,BU01,FP,FP_750079XBA,0,0,dreinmund@methode.com,/efficiency_products_details_v2
V002,2017,M01,BU01,FP,FP_750095XJA,0.06,0,dreinmund@methode.com,/efficiency_products_details_v2
V002,2017,M01,BU01,FP,FP_999999,0.57,0,dreinmund@methode.com,/efficiency_products_details_v2
V002,2017,M01,BU01,FP,FP_CTS,0,0,dreinmund@methode.com,/efficiency_products_details_v2
